[{"model": "contenttypes.contenttype", "pk": 1, "fields": {"app_label": "admin", "model": "logentry"}}, {"model": "contenttypes.contenttype", "pk": 2, "fields": {"app_label": "auth", "model": "permission"}}, {"model": "contenttypes.contenttype", "pk": 3, "fields": {"app_label": "auth", "model": "group"}}, {"model": "contenttypes.contenttype", "pk": 4, "fields": {"app_label": "contenttypes", "model": "contenttype"}}, {"model": "contenttypes.contenttype", "pk": 5, "fields": {"app_label": "sessions", "model": "session"}}, {"model": "contenttypes.contenttype", "pk": 6, "fields": {"app_label": "authtoken", "model": "token"}}, {"model": "contenttypes.contenttype", "pk": 7, "fields": {"app_label": "qmeet", "model": "student"}}, {"model": "contenttypes.contenttype", "pk": 8, "fields": {"app_label": "qmeet", "model": "academicyear"}}, {"model": "contenttypes.contenttype", "pk": 9, "fields": {"app_label": "qmeet", "model": "categories"}}, {"model": "contenttypes.contenttype", "pk": 10, "fields": {"app_label": "qmeet", "model": "course"}}, {"model": "contenttypes.contenttype", "pk": 11, "fields": {"app_label": "qmeet", "model": "department"}}, {"model": "contenttypes.contenttype", "pk": 12, "fields": {"app_label": "qmeet", "model": "event"}}, {"model": "contenttypes.contenttype", "pk": 13, "fields": {"app_label": "qmeet", "model": "module"}}, {"model": "contenttypes.contenttype", "pk": 14, "fields": {"app_label": "qmeet", "model": "studentprofile"}}, {"model": "contenttypes.contenttype", "pk": 15, "fields": {"app_label": "qmeet", "model": "studentprofileyear"}}, {"model": "contenttypes.contenttype", "pk": 16, "fields": {"app_label": "qmeet", "model": "studentcategories"}}, {"model": "contenttypes.contenttype", "pk": 17, "fields": {"app_label": "qmeet", "model": "eventcategories"}}, {"model": "contenttypes.contenttype", "pk": 18, "fields": {"app_label": "qmeet", "model": "coursemodules"}}, {"model": "contenttypes.contenttype", "pk": 19, "fields": {"app_label": "qmeet", "model": "friendrequest"}}, {"model": "contenttypes.contenttype", "pk": 20, "fields": {"app_label": "qmeet", "model": "studentevents"}}, {"model": "contenttypes.contenttype", "pk": 21, "fields": {"app_label": "django_messages", "model": "message"}}, {"model": "sessions.session", "pk": "0toe7l7dbb62rtnmhs671i85npkgzwc9", "fields": {"session_data": "YTE4NDhkZjkyMzA4N2IwM2MyNDliNWUxNTlkZjU1MmNiOTA0MWFhZTp7Il9hdXRoX3VzZXJfaWQiOiIyIiwiX2F1dGhfdXNlcl9iYWNrZW5kIjoiZGphbmdvLmNvbnRyaWIuYXV0aC5iYWNrZW5kcy5Nb2RlbEJhY2tlbmQiLCJfYXV0aF91c2VyX2hhc2giOiIwNjQwMzcwMjkzZDNmMTk0MmQyZjY2NTBmZDZjZmIwNTA2ZDMyYjIwIn0=", "expire_date": "2020-05-23T00:45:48.387Z"}}, {"model": "sessions.session", "pk": "2w8qknrbnh3nqq8kq427n6cvpo7w5grw", "fields": {"session_data": "M2E0ODU4MDA0OGU0NmFlZmY2NDcwMmRlOTJhMjJlODlkOWM1NGExMTp7Il9hdXRoX3VzZXJfaWQiOiIxIiwiX2F1dGhfdXNlcl9iYWNrZW5kIjoiZGphbmdvLmNvbnRyaWIuYXV0aC5iYWNrZW5kcy5Nb2RlbEJhY2tlbmQiLCJfYXV0aF91c2VyX2hhc2giOiJjOTE1MTRlZjVmZDI4NDU1OTY5NzRjMDUyZGNjZTgxNDI2NWI2NGU5In0=", "expire_date": "2020-05-28T16:57:12.876Z"}}, {"model": "qmeet.department", "pk": 1, "fields": {"name": "EECS"}}, {"model": "qmeet.department", "pk": 2, "fields": {"name": "School mathematics"}}, {"model": "qmeet.course", "pk": 1, "fields": {"name": "Computer science", "description": "CS description", "department": 1}}, {"model": "qmeet.course", "pk": 2, "fields": {"name": "Maths", "description": "Maths descriptions", "department": 2}}, {"model": "qmeet.module", "pk": 1, "fields": {"name": "Calculus 1", "code": "MTHC1", "description": "Calculus description"}}, {"model": "qmeet.module", "pk": 2, "fields": {"name": "Calculus 2", "code": "MTHC2", "description": "Calculus 2 description"}}, {"model": "qmeet.module", "pk": 3, "fields": {"name": "Intro to probability", "code": "MTHP1", "description": "Intro to probability description"}}, {"model": "qmeet.module", "pk": 4, "fields": {"name": "Intro to stats", "code": "MTHS1", "description": "Intro to stats description"}}, {"model": "qmeet.module", "pk": 5, "fields": {"name": "Procedural programming", "code": "ECSPP", "description": "Procedural programming description"}}, {"model": "qmeet.module", "pk": 7, "fields": {"name": "Research", "code": "ECSR", "description": "Research description"}}, {"model": "qmeet.module", "pk": 8, "fields": {"name": "Information and systems analysis", "code": "ECSISA", "description": "Information and systems analysis description"}}, {"model": "qmeet.module", "pk": 9, "fields": {"name": "Logic and discrete structures", "code": "ECSLDS", "description": "Logic and discrete structures description"}}, {"model": "qmeet.coursemodules", "pk": 1, "fields": {"course": 1, "module": 5}}, {"model": "qmeet.coursemodules", "pk": 2, "fields": {"course": 1, "module": 7}}, {"model": "qmeet.coursemodules", "pk": 3, "fields": {"course": 1, "module": 8}}, {"model": "qmeet.coursemodules", "pk": 4, "fields": {"course": 1, "module": 9}}, {"model": "qmeet.coursemodules", "pk": 5, "fields": {"course": 2, "module": 1}}, {"model": "qmeet.coursemodules", "pk": 6, "fields": {"course": 2, "module": 2}}, {"model": "qmeet.coursemodules", "pk": 7, "fields": {"course": 2, "module": 3}}, {"model": "qmeet.coursemodules", "pk": 8, "fields": {"course": 2, "module": 4}}, {"model": "qmeet.categories", "pk": 1, "fields": {"category": "Gaming"}}, {"model": "qmeet.categories", "pk": 2, "fields": {"category": "Music"}}, {"model": "qmeet.categories", "pk": 3, "fields": {"category": "Sports"}}, {"model": "qmeet.categories", "pk": 4, "fields": {"category": "Cinema"}}, {"model": "qmeet.eventcategories", "pk": 3, "fields": {"event": 1, "categories": 1}}, {"model": "qmeet.eventcategories", "pk": 4, "fields": {"event": 1, "categories": 2}}, {"model": "qmeet.academicyear", "pk": 1, "fields": {"year": "First year"}}, {"model": "qmeet.academicyear", "pk": 2, "fields": {"year": "Second year"}}, {"model": "qmeet.academicyear", "pk": 3, "fields": {"year": "Final year"}}, {"model": "qmeet.studentcategories", "pk": 1, "fields": {"student_profile": 1, "categories": 1}}, {"model": "qmeet.studentcategories", "pk": 2, "fields": {"student_profile": 1, "categories": 3}}, {"model": "qmeet.studentcategories", "pk": 5, "fields": {"student_profile": 3, "categories": 2}}, {"model": "qmeet.studentcategories", "pk": 6, "fields": {"student_profile": 3, "categories": 4}}, {"model": "qmeet.studentcategories", "pk": 7, "fields": {"student_profile": 4, "categories": 2}}, {"model": "qmeet.studentcategories", "pk": 22, "fields": {"student_profile": 2, "categories": 1}}, {"model": "qmeet.studentcategories", "pk": 23, "fields": {"student_profile": 2, "categories": 4}}, {"model": "qmeet.studentprofileyear", "pk": 1, "fields": {"student_profile": 1, "year": 1}}, {"model": "qmeet.studentprofileyear", "pk": 2, "fields": {"student_profile": 2, "year": 2}}, {"model": "qmeet.studentprofileyear", "pk": 3, "fields": {"student_profile": 3, "year": 3}}, {"model": "qmeet.studentprofileyear", "pk": 4, "fields": {"student_profile": 4, "year": 1}}, {"model": "qmeet.studentprofileyear", "pk": 6, "fields": {"student_profile": 2, "year": 3}}, {"model": "auth.permission", "pk": 1, "fields": {"name": "Can add log entry", "content_type": 1, "codename": "add_logentry"}}, {"model": "auth.permission", "pk": 2, "fields": {"name": "Can change log entry", "content_type": 1, "codename": "change_logentry"}}, {"model": "auth.permission", "pk": 3, "fields": {"name": "Can delete log entry", "content_type": 1, "codename": "delete_logentry"}}, {"model": "auth.permission", "pk": 4, "fields": {"name": "Can view log entry", "content_type": 1, "codename": "view_logentry"}}, {"model": "auth.permission", "pk": 5, "fields": {"name": "Can add permission", "content_type": 2, "codename": "add_permission"}}, {"model": "auth.permission", "pk": 6, "fields": {"name": "Can change permission", "content_type": 2, "codename": "change_permission"}}, {"model": "auth.permission", "pk": 7, "fields": {"name": "Can delete permission", "content_type": 2, "codename": "delete_permission"}}, {"model": "auth.permission", "pk": 8, "fields": {"name": "Can view permission", "content_type": 2, "codename": "view_permission"}}, {"model": "auth.permission", "pk": 9, "fields": {"name": "Can add group", "content_type": 3, "codename": "add_group"}}, {"model": "auth.permission", "pk": 10, "fields": {"name": "Can change group", "content_type": 3, "codename": "change_group"}}, {"model": "auth.permission", "pk": 11, "fields": {"name": "Can delete group", "content_type": 3, "codename": "delete_group"}}, {"model": "auth.permission", "pk": 12, "fields": {"name": "Can view group", "content_type": 3, "codename": "view_group"}}, {"model": "auth.permission", "pk": 13, "fields": {"name": "Can add content type", "content_type": 4, "codename": "add_contenttype"}}, {"model": "auth.permission", "pk": 14, "fields": {"name": "Can change content type", "content_type": 4, "codename": "change_contenttype"}}, {"model": "auth.permission", "pk": 15, "fields": {"name": "Can delete content type", "content_type": 4, "codename": "delete_contenttype"}}, {"model": "auth.permission", "pk": 16, "fields": {"name": "Can view content type", "content_type": 4, "codename": "view_contenttype"}}, {"model": "auth.permission", "pk": 17, "fields": {"name": "Can add session", "content_type": 5, "codename": "add_session"}}, {"model": "auth.permission", "pk": 18, "fields": {"name": "Can change session", "content_type": 5, "codename": "change_session"}}, {"model": "auth.permission", "pk": 19, "fields": {"name": "Can delete session", "content_type": 5, "codename": "delete_session"}}, {"model": "auth.permission", "pk": 20, "fields": {"name": "Can view session", "content_type": 5, "codename": "view_session"}}, {"model": "auth.permission", "pk": 21, "fields": {"name": "Can add Token", "content_type": 6, "codename": "add_token"}}, {"model": "auth.permission", "pk": 22, "fields": {"name": "Can change Token", "content_type": 6, "codename": "change_token"}}, {"model": "auth.permission", "pk": 23, "fields": {"name": "Can delete Token", "content_type": 6, "codename": "delete_token"}}, {"model": "auth.permission", "pk": 24, "fields": {"name": "Can view Token", "content_type": 6, "codename": "view_token"}}, {"model": "auth.permission", "pk": 25, "fields": {"name": "Can add user", "content_type": 7, "codename": "add_student"}}, {"model": "auth.permission", "pk": 26, "fields": {"name": "Can change user", "content_type": 7, "codename": "change_student"}}, {"model": "auth.permission", "pk": 27, "fields": {"name": "Can delete user", "content_type": 7, "codename": "delete_student"}}, {"model": "auth.permission", "pk": 28, "fields": {"name": "Can view user", "content_type": 7, "codename": "view_student"}}, {"model": "auth.permission", "pk": 29, "fields": {"name": "Can add academic year", "content_type": 8, "codename": "add_academicyear"}}, {"model": "auth.permission", "pk": 30, "fields": {"name": "Can change academic year", "content_type": 8, "codename": "change_academicyear"}}, {"model": "auth.permission", "pk": 31, "fields": {"name": "Can delete academic year", "content_type": 8, "codename": "delete_academicyear"}}, {"model": "auth.permission", "pk": 32, "fields": {"name": "Can view academic year", "content_type": 8, "codename": "view_academicyear"}}, {"model": "auth.permission", "pk": 33, "fields": {"name": "Can add categories", "content_type": 9, "codename": "add_categories"}}, {"model": "auth.permission", "pk": 34, "fields": {"name": "Can change categories", "content_type": 9, "codename": "change_categories"}}, {"model": "auth.permission", "pk": 35, "fields": {"name": "Can delete categories", "content_type": 9, "codename": "delete_categories"}}, {"model": "auth.permission", "pk": 36, "fields": {"name": "Can view categories", "content_type": 9, "codename": "view_categories"}}, {"model": "auth.permission", "pk": 37, "fields": {"name": "Can add course", "content_type": 10, "codename": "add_course"}}, {"model": "auth.permission", "pk": 38, "fields": {"name": "Can change course", "content_type": 10, "codename": "change_course"}}, {"model": "auth.permission", "pk": 39, "fields": {"name": "Can delete course", "content_type": 10, "codename": "delete_course"}}, {"model": "auth.permission", "pk": 40, "fields": {"name": "Can view course", "content_type": 10, "codename": "view_course"}}, {"model": "auth.permission", "pk": 41, "fields": {"name": "Can add department", "content_type": 11, "codename": "add_department"}}, {"model": "auth.permission", "pk": 42, "fields": {"name": "Can change department", "content_type": 11, "codename": "change_department"}}, {"model": "auth.permission", "pk": 43, "fields": {"name": "Can delete department", "content_type": 11, "codename": "delete_department"}}, {"model": "auth.permission", "pk": 44, "fields": {"name": "Can view department", "content_type": 11, "codename": "view_department"}}, {"model": "auth.permission", "pk": 45, "fields": {"name": "Can add event", "content_type": 12, "codename": "add_event"}}, {"model": "auth.permission", "pk": 46, "fields": {"name": "Can change event", "content_type": 12, "codename": "change_event"}}, {"model": "auth.permission", "pk": 47, "fields": {"name": "Can delete event", "content_type": 12, "codename": "delete_event"}}, {"model": "auth.permission", "pk": 48, "fields": {"name": "Can view event", "content_type": 12, "codename": "view_event"}}, {"model": "auth.permission", "pk": 49, "fields": {"name": "Can add module", "content_type": 13, "codename": "add_module"}}, {"model": "auth.permission", "pk": 50, "fields": {"name": "Can change module", "content_type": 13, "codename": "change_module"}}, {"model": "auth.permission", "pk": 51, "fields": {"name": "Can delete module", "content_type": 13, "codename": "delete_module"}}, {"model": "auth.permission", "pk": 52, "fields": {"name": "Can view module", "content_type": 13, "codename": "view_module"}}, {"model": "auth.permission", "pk": 53, "fields": {"name": "Can add student profile", "content_type": 14, "codename": "add_studentprofile"}}, {"model": "auth.permission", "pk": 54, "fields": {"name": "Can change student profile", "content_type": 14, "codename": "change_studentprofile"}}, {"model": "auth.permission", "pk": 55, "fields": {"name": "Can delete student profile", "content_type": 14, "codename": "delete_studentprofile"}}, {"model": "auth.permission", "pk": 56, "fields": {"name": "Can view student profile", "content_type": 14, "codename": "view_studentprofile"}}, {"model": "auth.permission", "pk": 57, "fields": {"name": "Can add student profile year", "content_type": 15, "codename": "add_studentprofileyear"}}, {"model": "auth.permission", "pk": 58, "fields": {"name": "Can change student profile year", "content_type": 15, "codename": "change_studentprofileyear"}}, {"model": "auth.permission", "pk": 59, "fields": {"name": "Can delete student profile year", "content_type": 15, "codename": "delete_studentprofileyear"}}, {"model": "auth.permission", "pk": 60, "fields": {"name": "Can view student profile year", "content_type": 15, "codename": "view_studentprofileyear"}}, {"model": "auth.permission", "pk": 61, "fields": {"name": "Can add student categories", "content_type": 16, "codename": "add_studentcategories"}}, {"model": "auth.permission", "pk": 62, "fields": {"name": "Can change student categories", "content_type": 16, "codename": "change_studentcategories"}}, {"model": "auth.permission", "pk": 63, "fields": {"name": "Can delete student categories", "content_type": 16, "codename": "delete_studentcategories"}}, {"model": "auth.permission", "pk": 64, "fields": {"name": "Can view student categories", "content_type": 16, "codename": "view_studentcategories"}}, {"model": "auth.permission", "pk": 65, "fields": {"name": "Can add event categories", "content_type": 17, "codename": "add_eventcategories"}}, {"model": "auth.permission", "pk": 66, "fields": {"name": "Can change event categories", "content_type": 17, "codename": "change_eventcategories"}}, {"model": "auth.permission", "pk": 67, "fields": {"name": "Can delete event categories", "content_type": 17, "codename": "delete_eventcategories"}}, {"model": "auth.permission", "pk": 68, "fields": {"name": "Can view event categories", "content_type": 17, "codename": "view_eventcategories"}}, {"model": "auth.permission", "pk": 69, "fields": {"name": "Can add course modules", "content_type": 18, "codename": "add_coursemodules"}}, {"model": "auth.permission", "pk": 70, "fields": {"name": "Can change course modules", "content_type": 18, "codename": "change_coursemodules"}}, {"model": "auth.permission", "pk": 71, "fields": {"name": "Can delete course modules", "content_type": 18, "codename": "delete_coursemodules"}}, {"model": "auth.permission", "pk": 72, "fields": {"name": "Can view course modules", "content_type": 18, "codename": "view_coursemodules"}}, {"model": "auth.permission", "pk": 73, "fields": {"name": "Can add friend request", "content_type": 19, "codename": "add_friendrequest"}}, {"model": "auth.permission", "pk": 74, "fields": {"name": "Can change friend request", "content_type": 19, "codename": "change_friendrequest"}}, {"model": "auth.permission", "pk": 75, "fields": {"name": "Can delete friend request", "content_type": 19, "codename": "delete_friendrequest"}}, {"model": "auth.permission", "pk": 76, "fields": {"name": "Can view friend request", "content_type": 19, "codename": "view_friendrequest"}}, {"model": "auth.permission", "pk": 77, "fields": {"name": "Can add student events", "content_type": 20, "codename": "add_studentevents"}}, {"model": "auth.permission", "pk": 78, "fields": {"name": "Can change student events", "content_type": 20, "codename": "change_studentevents"}}, {"model": "auth.permission", "pk": 79, "fields": {"name": "Can delete student events", "content_type": 20, "codename": "delete_studentevents"}}, {"model": "auth.permission", "pk": 80, "fields": {"name": "Can view student events", "content_type": 20, "codename": "view_studentevents"}}, {"model": "auth.permission", "pk": 81, "fields": {"name": "Can add Message", "content_type": 21, "codename": "add_message"}}, {"model": "auth.permission", "pk": 82, "fields": {"name": "Can change Message", "content_type": 21, "codename": "change_message"}}, {"model": "auth.permission", "pk": 83, "fields": {"name": "Can delete Message", "content_type": 21, "codename": "delete_message"}}, {"model": "auth.permission", "pk": 84, "fields": {"name": "Can view Message", "content_type": 21, "codename": "view_message"}}, {"model": "qmeet.student", "pk": 1, "fields": {"password": "pbkdf2_sha256$150000$YrrV8sSmlyKm$eKEmZPwuJQERmWYHhKrR6hHYYBJtYirMf/tSO8o41zc=", "last_login": "2020-05-14T16:57:12.869Z", "is_superuser": true, "username": "eesasuper", "first_name": "", "last_name": "", "email": "eesasuper@v.com", "is_staff": true, "is_active": true, "date_joined": "2020-05-06T02:39:21.393Z", "date_of_birth": "2000-01-01", "groups": [], "user_permissions": []}}, {"model": "qmeet.student", "pk": 2, "fields": {"password": "pbkdf2_sha256$150000$7KASz6D5gI7K$85cU7I6cE6AT/oG4kMcrRSxxh0o1EZUeJZgvab4qF0I=", "last_login": "2020-05-14T16:49:28.563Z", "is_superuser": false, "username": "eesauser", "first_name": "", "last_name": "", "email": "eesauser@v.com", "is_staff": false, "is_active": true, "date_joined": "2020-05-06T02:49:30.028Z", "date_of_birth": "2000-01-01", "groups": [], "user_permissions": []}}, {"model": "qmeet.student", "pk": 3, "fields": {"password": "pbkdf2_sha256$150000$w8LXQM3oXmH5$qfwWMwYssFUaiSQ59O72awZv1oJtd4Q+gbUDd2v19VU=", "last_login": "2020-05-13T21:51:14.569Z", "is_superuser": false, "username": "eesauser2", "first_name": "", "last_name": "", "email": "eesauser2@v.com", "is_staff": false, "is_active": true, "date_joined": "2020-05-08T23:51:31.413Z", "date_of_birth": "2000-01-01", "groups": [], "user_permissions": []}}, {"model": "qmeet.student", "pk": 4, "fields": {"password": "pbkdf2_sha256$150000$18k8giEeAmxf$aoc4w5pQDivu6hqZC2le2EamtU4C7gIfMS98pAw1CRs=", "last_login": "2020-05-14T16:53:18.085Z", "is_superuser": false, "username": "eesauser3", "first_name": "", "last_name": "", "email": "eesauser3@v.com", "is_staff": false, "is_active": true, "date_joined": "2020-05-10T01:16:20.003Z", "date_of_birth": "2000-01-01", "groups": [], "user_permissions": []}}, {"model": "qmeet.student", "pk": 5, "fields": {"password": "pbkdf2_sha256$150000$Vo5CydpaaFZN$gPyy2Y1VzTnYbbxDUAhXbNcggAJz4tUEaJ3D41Dphaw=", "last_login": "2020-05-11T18:45:51.376Z", "is_superuser": false, "username": "eesauser4", "first_name": "", "last_name": "", "email": "eesauser4@v.com", "is_staff": false, "is_active": true, "date_joined": "2020-05-11T18:37:58.475Z", "date_of_birth": "2000-01-01", "groups": [], "user_permissions": []}}, {"model": "qmeet.event", "pk": 1, "fields": {"host": 2, "title": "update", "location": "update", "start_date": "2020-01-01T00:00:00Z", "end_date": "2021-01-01T00:00:00Z", "capacity": 100, "attendees": [2]}}, {"model": "qmeet.studentprofile", "pk": 1, "fields": {"student": 2, "course": 1, "bio": "test bio", "location": "test location", "friends": [2]}}, {"model": "qmeet.studentprofile", "pk": 2, "fields": {"student": 3, "course": 1, "bio": "test bio 3", "location": "test loc 3", "friends": [1, 3]}}, {"model": "qmeet.studentprofile", "pk": 3, "fields": {"student": 4, "course": 1, "bio": "test bio 3", "location": "test location 3", "friends": []}}, {"model": "qmeet.studentprofile", "pk": 4, "fields": {"student": 5, "course": 1, "bio": "test bio 4", "location": "test location 4", "friends": []}}, {"model": "admin.logentry", "pk": 1, "fields": {"action_time": "2020-05-06T02:41:41.178Z", "user": 1, "content_type": 8, "object_id": "1", "object_repr": "First year", "action_flag": 1, "change_message": "[{\"added\": {}}]"}}, {"model": "admin.logentry", "pk": 2, "fields": {"action_time": "2020-05-06T02:41:46.246Z", "user": 1, "content_type": 8, "object_id": "2", "object_repr": "Second year", "action_flag": 1, "change_message": "[{\"added\": {}}]"}}, {"model": "admin.logentry", "pk": 3, "fields": {"action_time": "2020-05-06T02:41:55.662Z", "user": 1, "content_type": 8, "object_id": "3", "object_repr": "Final year", "action_flag": 1, "change_message": "[{\"added\": {}}]"}}, {"model": "admin.logentry", "pk": 4, "fields": {"action_time": "2020-05-06T02:42:06.143Z", "user": 1, "content_type": 9, "object_id": "1", "object_repr": "Gaming", "action_flag": 1, "change_message": "[{\"added\": {}}]"}}, {"model": "admin.logentry", "pk": 5, "fields": {"action_time": "2020-05-06T02:42:09.741Z", "user": 1, "content_type": 9, "object_id": "2", "object_repr": "Music", "action_flag": 1, "change_message": "[{\"added\": {}}]"}}, {"model": "admin.logentry", "pk": 6, "fields": {"action_time": "2020-05-06T02:42:15.398Z", "user": 1, "content_type": 9, "object_id": "3", "object_repr": "Sports", "action_flag": 1, "change_message": "[{\"added\": {}}]"}}, {"model": "admin.logentry", "pk": 7, "fields": {"action_time": "2020-05-06T02:42:18.860Z", "user": 1, "content_type": 9, "object_id": "4", "object_repr": "Cinema", "action_flag": 1, "change_message": "[{\"added\": {}}]"}}, {"model": "admin.logentry", "pk": 8, "fields": {"action_time": "2020-05-06T02:42:35.226Z", "user": 1, "content_type": 11, "object_id": "1", "object_repr": "EECS", "action_flag": 1, "change_message": "[{\"added\": {}}]"}}, {"model": "admin.logentry", "pk": 9, "fields": {"action_time": "2020-05-06T02:42:50.476Z", "user": 1, "content_type": 11, "object_id": "2", "object_repr": "School mathematics", "action_flag": 1, "change_message": "[{\"added\": {}}]"}}, {"model": "admin.logentry", "pk": 10, "fields": {"action_time": "2020-05-06T02:43:18.690Z", "user": 1, "content_type": 10, "object_id": "1", "object_repr": "Computer science", "action_flag": 1, "change_message": "[{\"added\": {}}]"}}, {"model": "admin.logentry", "pk": 11, "fields": {"action_time": "2020-05-06T02:43:35.322Z", "user": 1, "content_type": 10, "object_id": "2", "object_repr": "Maths", "action_flag": 1, "change_message": "[{\"added\": {}}]"}}, {"model": "admin.logentry", "pk": 12, "fields": {"action_time": "2020-05-06T03:17:55.641Z", "user": 1, "content_type": 13, "object_id": "1", "object_repr": "Calculus 1", "action_flag": 1, "change_message": "[{\"added\": {}}]"}}, {"model": "admin.logentry", "pk": 13, "fields": {"action_time": "2020-05-06T03:18:45.056Z", "user": 1, "content_type": 13, "object_id": "2", "object_repr": "Calculus 2", "action_flag": 1, "change_message": "[{\"added\": {}}]"}}, {"model": "admin.logentry", "pk": 14, "fields": {"action_time": "2020-05-06T03:19:20.447Z", "user": 1, "content_type": 13, "object_id": "3", "object_repr": "Intro to probability", "action_flag": 1, "change_message": "[{\"added\": {}}]"}}, {"model": "admin.logentry", "pk": 15, "fields": {"action_time": "2020-05-06T03:20:00.833Z", "user": 1, "content_type": 13, "object_id": "4", "object_repr": "Intro to stats", "action_flag": 1, "change_message": "[{\"added\": {}}]"}}, {"model": "admin.logentry", "pk": 16, "fields": {"action_time": "2020-05-06T03:22:06.046Z", "user": 1, "content_type": 13, "object_id": "5", "object_repr": "Procedural programming", "action_flag": 1, "change_message": "[{\"added\": {}}]"}}, {"model": "admin.logentry", "pk": 17, "fields": {"action_time": "2020-05-06T03:22:31.315Z", "user": 1, "content_type": 13, "object_id": "6", "object_repr": "Object oriented programming", "action_flag": 1, "change_message": "[{\"added\": {}}]"}}, {"model": "admin.logentry", "pk": 18, "fields": {"action_time": "2020-05-06T03:25:11.493Z", "user": 1, "content_type": 13, "object_id": "7", "object_repr": "Research", "action_flag": 1, "change_message": "[{\"added\": {}}]"}}, {"model": "admin.logentry", "pk": 19, "fields": {"action_time": "2020-05-06T03:25:40.782Z", "user": 1, "content_type": 13, "object_id": "8", "object_repr": "Information and systems analysis", "action_flag": 1, "change_message": "[{\"added\": {}}]"}}, {"model": "admin.logentry", "pk": 20, "fields": {"action_time": "2020-05-06T03:26:18.723Z", "user": 1, "content_type": 13, "object_id": "9", "object_repr": "Logic and discrete structures", "action_flag": 1, "change_message": "[{\"added\": {}}]"}}, {"model": "admin.logentry", "pk": 21, "fields": {"action_time": "2020-05-06T03:26:29.728Z", "user": 1, "content_type": 13, "object_id": "6", "object_repr": "Object oriented programming", "action_flag": 3, "change_message": ""}}, {"model": "admin.logentry", "pk": 22, "fields": {"action_time": "2020-05-06T03:26:53.697Z", "user": 1, "content_type": 18, "object_id": "1", "object_repr": "CourseModules object (1)", "action_flag": 1, "change_message": "[{\"added\": {}}]"}}, {"model": "admin.logentry", "pk": 23, "fields": {"action_time": "2020-05-06T03:27:00.703Z", "user": 1, "content_type": 18, "object_id": "2", "object_repr": "CourseModules object (2)", "action_flag": 1, "change_message": "[{\"added\": {}}]"}}, {"model": "admin.logentry", "pk": 24, "fields": {"action_time": "2020-05-06T03:27:07.839Z", "user": 1, "content_type": 18, "object_id": "3", "object_repr": "CourseModules object (3)", "action_flag": 1, "change_message": "[{\"added\": {}}]"}}, {"model": "admin.logentry", "pk": 25, "fields": {"action_time": "2020-05-06T03:27:11.871Z", "user": 1, "content_type": 18, "object_id": "4", "object_repr": "CourseModules object (4)", "action_flag": 1, "change_message": "[{\"added\": {}}]"}}, {"model": "admin.logentry", "pk": 26, "fields": {"action_time": "2020-05-06T03:27:15.826Z", "user": 1, "content_type": 18, "object_id": "5", "object_repr": "CourseModules object (5)", "action_flag": 1, "change_message": "[{\"added\": {}}]"}}, {"model": "admin.logentry", "pk": 27, "fields": {"action_time": "2020-05-06T03:27:24.077Z", "user": 1, "content_type": 18, "object_id": "6", "object_repr": "CourseModules object (6)", "action_flag": 1, "change_message": "[{\"added\": {}}]"}}, {"model": "admin.logentry", "pk": 28, "fields": {"action_time": "2020-05-06T03:27:29.278Z", "user": 1, "content_type": 18, "object_id": "7", "object_repr": "CourseModules object (7)", "action_flag": 1, "change_message": "[{\"added\": {}}]"}}, {"model": "admin.logentry", "pk": 29, "fields": {"action_time": "2020-05-06T03:27:35.715Z", "user": 1, "content_type": 18, "object_id": "8", "object_repr": "CourseModules object (8)", "action_flag": 1, "change_message": "[{\"added\": {}}]"}}, {"model": "admin.logentry", "pk": 30, "fields": {"action_time": "2020-05-13T03:19:02.251Z", "user": 1, "content_type": 15, "object_id": "5", "object_repr": "eesauser2Second year", "action_flag": 3, "change_message": ""}}, {"model": "admin.logentry", "pk": 31, "fields": {"action_time": "2020-05-14T16:57:21.148Z", "user": 1, "content_type": 21, "object_id": "1", "object_repr": "test message", "action_flag": 3, "change_message": ""}}]